0398	Green apple syrup	Boba Drinks	L	0	0	0.00	0.00	0.00	0.00	0%	-
0397	Green apple poping boba	Boba Drinks	L	0	0	0.00	0.00	0.00	0.00	0%	-
0396	Blueberry poping boba	Boba Drinks	L	0	0	0.00	0.00	0.00	0.00	0%	-
0395	Mango syrup	Boba Drinks	L	0	0	0.00	0.00	0.00	0.00	0%	-
0394	Mango poping boba	Boba Drinks	L	0	0	0.00	0.00	0.00	0.00	0%	-
0278	Blueberry boba	Boba Drinks	cup	193	0	0.00	3.50	3.50	3.50	0%	-
0277	Mango fruit tea boba	Boba Drinks	cup	197	0	0.00	3.50	3.50	3.50	0%	-
0276	Vanilla milkshake	Boba Drinks	cup	185	0	0.00	4.00	4.00	4.00	0%	-
0275	Chocolate milkshake boba	Boba Drinks	cup	497	0	0.00	4.00	4.00	4.00	0%	-
0274	Fruit tea boba	Boba Drinks	cup	200	0	0.00	3.50	3.50	3.50	0%	-
0273	Taro	Boba Drinks	cup	200	0	0.00	3.50	3.50	3.50	0%	-
0272	Caramel milk tea	Boba Drinks	cup	197	0	0.00	3.00	3.00	3.00	0%	-
0271	Mango boba	Boba Drinks	cup	192	0	0.00	3.50	3.50	3.50	0%	-
PROD_0148	Vanilla	Boba Drinks	pcs	-	0	0.00	3.50	3.50	3.50	0%	-
PROD_0147	Caramel	Boba Drinks	pcs	-	0	0.00	3.50	3.50	3.50	0%	-
PROD_0146	Kiwi	Boba Drinks	pcs	-	0	0.00	3.50	3.50	3.50	0%	-
PROD_0145	Green Apple	Boba Drinks	pcs	-	0	0.00	3.50	3.50	3.50	0%	-
PROD_0144	Mango	Boba Drinks	pcs	-	0	0.00	3.50	3.50	3.50	0%	-
PROD_0143	Peach	Boba Drinks	pcs	-	0	0.00	3.50	3.50	3.50	0%	-
PROD_0142	Strawberry	Boba Drinks	pcs	-	0	0.00	3.50	3.50	3.50	0%	-
PROD_0141	Blueberry	Boba Drinks	pcs	-	0	0.00	3.50	3.50	3.50	0%	-
PROD_0140	Passion	Boba Drinks	pcs	-	0	0.00	3.50	3.50	3.50	0%	-
0467	Bread 800gm	Bread	pcs	499	2000	1.00	2.00	2.00	2.00	0%	-
0464	Bread 600gm	Bread	pcs	1000	300	1.00	2.00	2.00	2.00	0%	-
0463	Bread 400gm	Bread	pcs	998	300	1.00	1.00	1.00	1.00	0%	-
0483	Malawax Isbishal Hilib	Breakfast	plates	19999	5000	1.50	2.50	2.50	2.50	0%	-
0440	Canjeero Maraq	Breakfast	plates	91	0	0.00	1.00	1.00	1.00	0%	-
0196	Malawax Isbishal Kaluun	Breakfast	plates	570	0	0.00	2.50	2.50	2.50	0%	-
0191	Chapati Saldato	Breakfast	plates	-	0	1.50	1.50	1.50	1.50	0%	-
0179	Shukshuko	Breakfast	plates	-	0	1.50	3.00	3.00	3.00	0%	-
PROD_0075	Oatmeal Porridge	Breakfast	pcs	-	0	0.00	2.00	2.00	2.00	0%	-
PROD_0074	Nashaad Dheylo	Breakfast	pcs	-	0	0.00	7.00	7.00	7.00	0%	-
PROD_0073	Beer (Liver)	Breakfast	pcs	-	0	0.00	4.00	4.00	4.00	0%	-
PROD_0072	Full Breakfast	Breakfast	pcs	-	0	0.00	7.00	7.00	7.00	0%	-
0450	Canjeero isbishale	BREAKFAST NASHAAD	plates	14927	999999999	0.50	2.50	2.50	2.50	0%	-
0260	full maharage	BREAKFAST NASHAAD	plates	1980	0	2.00	2.00	2.00	2.00	0%	-
0254	MISHARYO	BREAKFAST NASHAAD	plates	1987	0	1.00	1.00	1.00	1.00	0%	-
0253	MISHARYO MALAB	BREAKFAST NASHAAD	plates	995	0	1.50	1.50	1.50	1.50	0%	-
0251	FRUITLATO	BREAKFAST NASHAAD	cup	0	0	0.00	2.00	2.00	2.00	0%	-
0250	maciato coffee	BREAKFAST NASHAAD	cup	1.5	0	1.50	1.50	1.50	1.50	0%	-
0243	Canjeero (Plain)	BREAKFAST NASHAAD	plates	1264	0	0.50	0.50	0.50	0.50	0%	-
0218	omlette	BREAKFAST NASHAAD	pcs	67	0	0.00	3.00	3.00	3.00	0%	-
0217	mandazi	BREAKFAST NASHAAD	pcs	508	0	0.00	0.50	0.50	0.50	0%	-
0204	MALAWAX	BREAKFAST NASHAAD	pcs	-	0	0.00	0.50	0.50	0.50	0%	-
0203	ANJERO FULL	BREAKFAST NASHAAD	plates	166	0	0.00	2.50	2.50	2.50	0%	-
0478	Grilled Chicken Burgers	Burgers	plates	9996	500	2.00	4.00	4.00	4.00	0%	-
0289	Hamburger	Burgers	pcs	19952	0	0.00	3.00	3.00	3.00	0%	2000-01-01
PROD_0022	Crispy Chicken Burger	Burgers	pcs	-	0	0.00	3.00	3.00	3.00	0%	-
PROD_0021	Double Delish	Burgers	pcs	-	0	0.00	3.00	3.00	3.00	0%	-
PROD_0020	Texan Beef Burger	Burgers	pcs	-	0	0.00	3.00	3.00	3.00	0%	-
PROD_0019	Chicken Cheese Burger	Burgers	pcs	-	0	0.00	3.00	3.00	3.00	0%	-
0466	Chicken stir fry	Chicken	plates	4935	2000	5.00	7.00	7.00	7.00	0%	-
0455	Biryani Chicken	Chicken	pcs	15086	99999999999	0.00	4.00	4.00	4.00	0%	-
0453	Mashed potato	Chicken	plates	37	0	0.00	2.00	2.00	2.00	0%	-
0449	Kooto faham	Chicken	pcs	14997	99999999	0.50	3.50	3.50	3.50	0%	-
0446	Faham Half	Chicken	plates	21	0	0.00	6.00	6.00	6.00	0%	2028-06-01
0445	Faham Chicken	Chicken	plates	1	0	0.00	12.00	12.00	12.00	0%	-
0435	Chicken Finger	Chicken	plates	143	0	0.00	7.00	7.00	7.00	0%	2000-01-01
0434	Chicken Coconut	Chicken	plates	0	0	0.00	7.00	7.00	7.00	0%	-
0420	Grilled Chicken	Chicken	kg	15102	999999966	0.50	7.00	7.00	7.00	0%	2000-01-01
0411	Chicken Masala (for Sale)	Chicken	kg	15083	150	0.00	6.00	6.00	6.00	0%	-
0369	Chicken legs	Chicken	kg	7	0	60.00	0.00	0.00	0.00	0%	-
0368	Chicken breast	Chicken	kg	-1.42	0	48.39	0.00	0.00	0.00	0%	-
0197	Chicken Leg (Lug Dooro)	Chicken	pcs	50196651	0	0.60	2.00	2.00	2.00	0%	-
0192	Shawarma Chicken	Chicken	pcs	-	0	3.00	3.00	3.00	3.00	0%	-
PROD_0044	Chicken Kebab	Chicken	pcs	-	0	0.00	3.00	3.00	3.00	0%	-
PROD_0042	Chicken Broth	Chicken	pcs	-	0	0.00	2.00	2.00	2.00	0%	-
PROD_0041	Chicken Madhi	Chicken	pcs	-	0	0.00	3.00	3.00	3.00	0%	-
PROD_0040	Chicken Tikka	Chicken	pcs	-	0	0.00	3.00	3.00	3.00	0%	-
0472	Icecream shake-Mango	Classic Milk Shake	pcs	14979	3000	1.00	3.50	3.50	3.50	0%	-
PROD_0124	Vanilla	Classic Milk Shake	pcs	-	0	0.00	2.50	2.50	2.50	0%	-
PROD_0123	Strawberry	Classic Milk Shake	pcs	-	0	0.00	2.50	2.50	2.50	0%	-
PROD_0018	Chicken Mandhi	Coastal	pcs	-	0	0.00	7.00	7.00	7.00	0%	-
PROD_0017	Coconut Fish	Coastal	pcs	-	0	0.00	6.00	6.00	6.00	0%	-
PROD_0016	Samaki Wa Kupaka	Coastal	pcs	-	0	0.00	5.50	5.50	5.50	0%	-
PROD_0015	Coconut Rice	Coastal	pcs	-	0	0.00	3.00	3.00	3.00	0%	-
PROD_0014	Mutton/ Beef Pilau	Coastal	pcs	-	0	0.00	3.00	3.00	3.00	0%	-
PROD_0013	Chicken/ Mutton Biryani	Coastal	pcs	-	0	0.00	3.00	3.00	3.00	0%	-
0257	kando kando	Coffee	cup	4999952	0	0.00	1.50	1.50	1.50	0%	-
0256	ice coffee	Coffee	cup	3827	0	2.00	2.00	2.00	2.00	0%	-
0249	black coffee	Coffee	cup	99	0	0.00	1.50	1.50	1.50	0%	-
0165	latte	Coffee	cup	19717	0	1.50	1.50	1.50	1.50	0%	-
PROD_0157	Hot Chocolate	Coffee	pcs	-	0	0.00	2.00	2.00	2.00	0%	-
PROD_0156	Mochas (Caramel/Vanilla	Coffee	pcs	-	0	0.00	2.00	2.00	2.00	0%	-
PROD_0155	Affogato	Coffee	pcs	-	0	0.00	1.00	1.00	1.00	0%	-
PROD_0154	Americano	Coffee	pcs	-	0	0.00	1.50	1.50	1.50	0%	-
PROD_0153	Espresso	Coffee	pcs	-	0	0.00	1.50	1.50	1.50	0%	-
PROD_0152	Flavoured Latte (Vanilla/Caramel/Hazelnut)	Coffee	pcs	-	0	0.00	2.00	2.00	2.00	0%	-
PROD_0151	Capuchino	Coffee	pcs	-	0	0.00	1.50	1.50	1.50	0%	-
PROD_0108	Frappes	Coladas	pcs	-	0	0.00	3.00	3.00	3.00	0%	-
PROD_0107	Strawberry	Coladas	pcs	-	0	0.00	3.00	3.00	3.00	0%	-
PROD_0106	Pina Colada	Coladas	pcs	-	0	1.00	3.00	3.00	3.00	0%	-
PROD_0059	Veggie Currry	Curries	pcs	-	0	0.00	5.50	5.50	5.50	0%	-
PROD_0058	Fish Curry	Curries	pcs	-	0	0.00	6.00	6.00	6.00	0%	-
PROD_0057	Chicken Curry	Curries	pcs	-	0	0.00	7.00	7.00	7.00	0%	-
PROD_0056	Beef Curry	Curries	pcs	-	0	0.00	5.50	5.50	5.50	0%	-
PROD_0122	Ginger/Honey/Lemon	Dawa	pcs	-	0	0.00	1.00	1.00	1.00	0%	-
PROD_0121	Ginger/Honey/Lemon(Iced Tea)	Dawa	pcs	-	0	0.00	1.50	1.50	1.50	0%	-
0441	AC	Extras		138	0	0.00	10.00	10.00	10.00	0%	-
0439	Candle/Shumac	Extras	pcs	149	0	0.00	0.50	0.50	0.50	0%	-
0436	Extra Cheese	Extras	pcs	64	0	0.00	0.50	0.50	0.50	0%	2000-01-01
0422	Sareen Saldaato Esbeshaale	Extras	plates	148	0	0.00	3.00	3.00	3.00	0%	2000-01-01
0286	Babaay Fruit	Extras	pcs	19467	0	0.00	2.00	2.00	2.00	0%	2000-01-01
0261	SPECIAL sareen	Extras	plates	-	0	0.00	2.00	2.00	2.00	0%	-
0259	WATER	Extras	tea	-	0	0.00	0.25	0.25	0.25	0%	-
0231	miik 1	Extras	pcs	20	0	0.00	0.00	0.00	0.00	0%	-
0222	koosto 1	Extras	pcs	-	0	2.00	2.00	2.00	2.00	0%	-
0221	koosto	Extras	pcs	-	0	0.00	0.00	0.00	0.00	0%	-
0220	ugali calooley	Extras	pcs	-	0	0.00	2.00	2.00	2.00	0%	-
0189	Malawah (Malawax)	Extras	pcs	1988230	0	0.00	0.50	0.50	0.50	0%	-
PROD_0125	Tea Chocolate	Extras	tea	-	0	0.00	1.50	1.50	1.50	0%	-
PROD_0091	Banana(Moos)	Extras	pcs	-	0	0.00	0.25	0.25	0.25	0%	-
PROD_0090	Honey	Extras	pcs	-	0	0.00	1.00	1.00	1.00	0%	-
PROD_0089	Yoghurt	Extras	pcs	-	0	0.00	1.00	1.00	1.00	0%	-
PROD_0088	Milk	Extras	pcs	-	0	0.00	1.00	1.00	1.00	0%	-
PROD_0085	Steamed Spinanch	Extras	pcs	-	0	0.00	1.00	1.00	1.00	0%	-
PROD_0084	Steamed Veges	Extras	pcs	-	0	0.00	1.50	1.50	1.50	0%	-
PROD_0083	Rice	Extras	pcs	-	0	0.00	1.00	1.00	1.00	0%	-
0462	Stewed Fish	Fish	plates	49999934	50000	6.00	6.00	6.00	6.00	0%	-
0456	Biryani Fish	Fish	plates	145	0	0.00	4.00	4.00	4.00	0%	-
0454	Coconut Chicken	Fish	plates	19990	0	0.00	7.00	7.00	7.00	0%	-
0354	Tuna cans	Fish	package	0	0	0.00	0.00	0.00	0.00	0%	-
0201	Biryani Rice	Fish	plates	-	0	0.00	2.00	2.00	2.00	0%	-
0194	Shawarma Fish	Fish	pcs	-	0	3.00	3.00	3.00	3.00	0%	-
PROD_0061	Fish Fingers	Fish	pcs	-	0	6.00	6.00	6.00	6.00	0%	-
PROD_0011	Fish Tikka	Fish	pcs	-	0	0.00	5.50	5.50	5.50	0%	-
PROD_0010	Smoked Salmon	Fish	pcs	-	0	0.00	5.50	5.50	5.50	0%	-
PROD_0009	Grilled Fish	Fish	pcs	17108	9000000	0.00	6.00	6.00	6.00	0%	-
PROD_0133	Chocolate	Freak Sake	pcs	-	0	0.00	2.50	2.50	2.50	0%	-
PROD_0132	Vanilla	Freak Sake	pcs	-	0	0.00	3.50	3.50	3.50	0%	-
PROD_0131	Strawberry	Freak Sake	pcs	-	0	0.00	3.50	3.50	3.50	0%	-
0485	Chips Mayai	Fries	plates	20000	2000	2.00	4.50	4.50	4.50	0%	-
0475	Dynamite Medium	Fries	plates	1994	400	6.00	12.00	12.00	12.00	0%	-
0471	Loaded fries	Fries	plates	14983	2000	3.00	7.00	7.00	7.00	0%	-
0193	Chips Masala	Fries	plates	-	0	2.00	2.00	2.00	2.00	0%	-
0173	CHIPS	Fries	plates	-	0	0.00	1.50	1.50	1.50	0%	-
PROD_0066	Masala Fries	Fries	pcs	-	0	0.00	2.00	2.00	2.00	0%	-
PROD_0064	Plain Fries	Fries	pcs	-	0	0.00	1.50	1.50	1.50	0%	-
0459	Feet Babaay	Fruit Based(salads)	pcs	14989	50000	0.85	2.00	2.00	2.00	0%	-
0433	Cananas fruit	Fruit Based(salads)	pcs	-56	0	0.50	2.50	2.50	2.50	0%	-
0432	Cananas juice	Fruit Based(salads)	pcs	1628	1000	0.40	1.50	1.50	1.50	0%	-
0236	fruit watermelon	Fruit Based(salads)	plates	17264	500000	2.00	1.50	1.50	1.50	0%	-
0235	fruit pawpaw	Fruit Based(salads)	plates	3212.1	0	1.66	1.50	1.50	1.50	0%	-
0167	FRUIT SALAD	Fruit Based(salads)	plates	-	0	0.00	2.00	2.00	2.00	0%	-
PROD_0081	Mixed Fruit	Fruit Based(salads)	pcs	-	0	0.00	2.00	2.00	2.00	0%	-
PROD_0080	Nashad Fruit Platter	Fruit Based(salads)	pcs	-	0	0.00	3.00	3.00	3.00	0%	-
PROD_0032	Bufallo Wings	Grillers Wings	pcs	-	0	0.00	4.50	4.50	4.50	0%	-
PROD_0031	Bbq Wings	Grillers Wings	pcs	-	0	0.00	4.00	4.00	4.00	0%	-
PROD_0034	Chicken Shawarma	Grillers Wraps	pcs	-	0	0.00	3.00	3.00	3.00	0%	-
PROD_0033	Beef	Grillers Wraps	pcs	-	0	0.00	3.00	3.00	3.00	0%	-
0347	Pure green tea	Herbal Tea	tea	0	0	0.00	0.00	0.00	0.00	0%	-
0345	Pure hibiscus	Herbal Tea	tea	0	0	0.00	0.00	0.00	0.00	0%	-
0303	Lemon Tea	Herbal Tea	tea	0	0	0.00	1.00	1.00	1.00	0%	-
0474	Icecream scoop 2	Ice Cream Sundae	pcs	1000	100	0.75	1.50	1.50	1.50	0%	-
0473	Icecream scoop 1	Ice Cream Sundae	pcs	995	100	0.50	1.00	1.00	1.00	0%	-
PROD_0150	Brownie	Ice Cream Sundae	pcs	-	0	0.00	3.50	3.50	3.50	0%	-
PROD_0149	Coconut Cookie	Ice Cream Sundae	pcs	-	0	0.00	3.50	3.50	3.50	0%	-
PROD_0097	Iced Vanilla Latte	Iced Coffee	pcs	-	0	0.00	2.50	2.50	2.50	0%	-
PROD_0096	Iced Matcha Latte	Iced Coffee	pcs	-	0	0.00	2.50	2.50	2.50	0%	-
PROD_0095	Iced Caramel	Iced Coffee	pcs	-	0	0.00	2.50	2.50	2.50	0%	-
PROD_0094	Iced Matcha	Iced Coffee	pcs	-	0	0.00	2.00	2.00	2.00	0%	-
PROD_0093	Iced Latte	Iced Coffee	pcs	-	0	0.00	2.00	2.00	2.00	0%	-
PROD_0092	Iced Mocha	Iced Coffee	pcs	-	0	0.00	2.00	2.00	2.00	0%	-
PROD_0120	Lemon	Iced Tea	pcs	-	0	0.00	2.00	2.00	2.00	0%	-
PROD_0119	Peach	Iced Tea	pcs	-	0	0.00	2.00	2.00	2.00	0%	-
PROD_0118	Strawberry	Iced Tea	pcs	-	0	0.00	2.00	2.00	2.00	0%	-
PROD_0117	Blueberry	Iced Tea	pcs	-	0	0.00	2.00	2.00	2.00	0%	-
PROD_0116	Passion	Iced Tea	pcs	-	0	0.00	2.00	2.00	2.00	0%	-
0430	Peanut butter	Ingredient	package	7	0	15.25	0.00	0.00	0.00	0%	-
0429	Take away (tea)	Ingredient	package	1	0	47.00	0.00	0.00	0.00	0%	-
0428	Pasta	Ingredient	kg	10	0	8.50	0.00	0.00	0.00	0%	-
0427	Plain youghurt	Ingredient	L	0	0	0.00	0.00	0.00	0.00	0%	-
0426	Coconut cream	Ingredient	L	7	0	1.79	0.00	0.00	0.00	0%	-
0425	firewood	Ingredient	unit	1	0	290.00	0.00	0.00	0.00	0%	-
0423	take away (food)	Ingredient	package	2	0	45.75	0.00	0.00	0.00	0%	-
0421	Hilib oodkac	Ingredient	kg	78	0	5.50	0.00	0.00	0.00	0%	-
0419	Teabag box	Ingredient	package	2	0	25.00	25.00	25.00	25.00	0%	-
0418	Straw	Ingredient	package	23	0	1.50	0.00	0.00	0.00	0%	-
0417	Black bag (large)	Ingredient	package	5	0	1.00	0.00	0.00	0.00	0%	-
0416	Black bag (small)	Ingredient	package	30	0	0.50	0.00	0.00	0.00	0%	-
0415	Sachet powdered milk	Ingredient	package	7	0	10.71	0.00	0.00	0.00	0%	-
0414	goat meat ingredient	Ingredient	unit	0	0	0.00	0.00	0.00	0.00	0%	-
0413	Tin milk	Ingredient	package	2	0	62.31	90.50	90.50	90.50	0%	-
0412	Cinnamon	Ingredient	gram	-20.3	0	0.00	0.00	0.00	0.00	0%	-
0410	Whipping cream	Ingredient	L	10	0	5.60	0.00	0.00	0.00	0%	-
0409	ice block	Ingredient	block	8	0	3.10	0.00	0.00	0.00	0%	-
0408	Green peppers	Ingredient	kg	38	0	1.00	0.00	0.00	0.00	0%	-
0407	Carrots	Ingredient	kg	60	0	2.00	0.00	0.00	0.00	0%	-
0406	Banana ingredient	Ingredient	pcs	100	0	0.03	0.00	0.00	0.00	0%	-
0405	Dates ingredient	Ingredient	gram	3	0	14.33	0.00	0.00	0.00	0%	-
0403	Strawberry mojito ingredient	Ingredient	L	-0.09	0	0.00	0.00	0.00	0.00	0%	-
0402	lemon ingredient	Ingredient	pcs	2797	0	0.03	0.00	0.00	0.00	0%	-
0401	oranges	Ingredient	cartons	49997625.5	0	37.00	0.00	0.00	0.00	0%	-
0400	tomato	Ingredient	kg	111	0	0.71	0.00	0.00	0.00	0%	-
0399	Basmati rice	Ingredient	kg	152	0	4.09	0.00	0.00	0.00	0%	-
0392	Camel meat	Ingredient	kg	285	0	4.00	0.00	0.00	0.00	0%	-
0391	Spinach	Ingredient	package	24	0	0.67	0.00	0.00	0.00	0%	-
0390	Lettuce	Ingredient	pcs	467.7	0	0.10	0.00	0.00	0.00	0%	-
0389	Oyster sauce	Ingredient	L	1	0	4.00	0.00	0.00	0.00	0%	-
0388	Dania	Ingredient	package	20	0	0.75	0.00	0.00	0.00	0%	-
0387	Semolina	Ingredient	package	1	0	3.00	0.00	0.00	0.00	0%	-
0386	Grapes	Ingredient	package	0	0	0.00	0.00	0.00	0.00	0%	-
0385	Banana	Ingredient	pcs	2240	0	0.10	0.00	0.00	0.00	0%	-
0384	Mayo	Ingredient	gram	129.7	0	0.00	0.00	0.00	0.00	0%	-
0383	Glycerine	Ingredient	package	0	0	0.00	0.00	0.00	0.00	0%	-
0381	Alminium foil	Ingredient	package	0	0	0.00	0.00	0.00	0.00	0%	-
0371	Plain yogurt	Ingredient	gram	1	0	1.50	0.00	0.00	0.00	0%	-
0370	Cheese	Ingredient	kg	28.5	0	36.35	0.00	0.00	0.00	0%	-
0367	Gram masala	Ingredient	gram	1	0	2.00	0.00	0.00	0.00	0%	-
0363	Vimto	Ingredient	kg	0	0	0.00	0.00	0.00	0.00	0%	-
0362	Yeast	Ingredient	package	6	0	1.50	0.00	0.00	0.00	0%	-
0361	Cooking oil	Ingredient	L	58	0	3.65	0.00	0.00	0.00	0%	-
0360	Condensed milk	Ingredient	package	0	0	0.00	0.00	0.00	0.00	0%	-
0359	Turmeric	Ingredient	kg	0	0	0.00	0.00	0.00	0.00	0%	-
0358	Curry powder	Ingredient	package	0	0	0.00	0.00	0.00	0.00	0%	-
0357	Black pepper	Ingredient	package	0	0	0.00	0.00	0.00	0.00	0%	-
0356	Ginger	Ingredient	package	3	0	1.00	0.00	0.00	0.00	0%	-
0355	Baking powder	Ingredient	gram	0	0	0.00	0.00	0.00	0.00	0%	-
0351	Strawberry syrup	Ingredient	L	10	0	4.50	0.00	0.00	0.00	0%	-
0350	Chocolate syrup	Ingredient	L	14	0	4.57	0.00	0.00	0.00	0%	-
0349	Lotus biscoff	Ingredient	kg	1	0	4.50	0.00	0.00	0.00	0%	-
0348	Diet sugar	Ingredient	kg	0	0	0.00	0.00	0.00	0.00	0%	-
0344	Food color	Ingredient	package	10	0	6.05	0.00	0.00	0.00	0%	-
0343	Sprite	Ingredient	L	4.25	0	8.00	0.00	0.00	0.00	0%	-
0342	Abu walad biscuits	Ingredient	package	0	0	0.00	0.00	0.00	0.00	0%	-
0341	Black olives	Ingredient	package	0	0	0.00	0.00	0.00	0.00	0%	-
0340	Simsim oil	Ingredient	L	0	0	0.00	0.00	0.00	0.00	0%	-
0339	Apples	Ingredient	pcs	7	0	0.00	0.00	0.00	0.00	0%	-
0338	Fish masala	Ingredient	package	0	0	0.00	0.00	0.00	0.00	0%	-
0337	Chicken masala	Ingredient	package	0	0	0.00	0.00	0.00	0.00	0%	-
0336	Oreo biscuits	Ingredient	pcs	0	0	0.00	0.00	0.00	0.00	0%	-
0335	Paprika	Ingredient	package	0	0	0.00	0.00	0.00	0.00	0%	-
0334	potatoes	Ingredient	kg	291.1	0	0.93	0.00	0.00	0.00	0%	-
0333	raw honey	Ingredient	L	6	0	15.67	0.00	0.00	0.00	0%	-
0332	salt	Ingredient	kg	5	0	3.00	0.00	0.00	0.00	0%	-
0331	black bag	Ingredient	package	0	0	0.00	0.00	0.00	0.00	0%	-
0330	blue band	Ingredient	kg	4.94	0	7.00	0.00	0.00	0.00	0%	-
0329	icing sugar	Ingredient	kg	0	0	0.00	0.00	0.00	0.00	0%	-
0328	Camel Milk Ingredient	Ingredient	L	555555816.5	0	3.77	0.00	0.00	0.00	0%	-
0327	Powdered Milk	Ingredient	gram	15	0	19.80	0.00	0.00	0.00	0%	-
0326	Omo	Ingredient	kg	5	0	11.60	0.00	0.00	0.00	0%	-
0325	Rice Seasoning	Ingredient	gram	1	0	32.00	0.00	0.00	0.00	0%	-
0324	Serviettes	Ingredient	cartons	14	0	10.16	0.00	0.00	0.00	0%	-
0323	Cooking Cream	Ingredient	gram	8	0	5.00	0.00	0.00	0.00	0%	-
0322	Flour(Bur)	Ingredient	kg	36.85	0	8.25	0.00	0.00	0.00	0%	-
0321	Black Tea Ingredient	Ingredient	package	5	0	25.00	0.00	0.00	0.00	0%	-
0320	Chilli	Ingredient	kg	15	0	1.00	0.00	0.00	0.00	0%	-
0319	Cabbages	Ingredient	pcs	28	0	2.00	0.00	0.00	0.00	0%	-
0318	White Onions	Ingredient	kg	85	0	0.97	0.00	0.00	0.00	0%	-
0317	Red Onions	Ingredient	kg	111	0	0.97	0.00	0.00	0.00	0%	-
0316	Garlic	Ingredient	kg	2	0	22.75	0.00	0.00	0.00	0%	-
0315	Capsicum	Ingredient	pcs	0	0	0.00	0.00	0.00	0.00	0%	-
0314	White Soya Sauce	Ingredient	ml	0	0	0.00	0.00	0.00	0.00	0%	-
0313	Dark Soya Sauce	Ingredient	L	0	0	0.00	0.00	0.00	0.00	0%	-
0312	Vinegar	Ingredient	L	0	0	0.00	0.00	0.00	0.00	0%	-
0311	Ketchup	Ingredient	L	27	0	7.93	0.00	0.00	0.00	0%	-
0310	Tomato Paste	Ingredient	pcs	8	0	10.97	0.00	0.00	0.00	0%	-
0309	PawPaw Fruit	Ingredient	pcs	144	0	0.86	2.00	2.00	2.00	0%	-
0308	Watermelon Fruit	Ingredient	pcs	499234.6	50000	2.00	0.00	0.00	0.00	0%	-
0307	Mangoes	Ingredient	pcs	1327	0	0.30	0.00	0.00	0.00	0%	-
0306	Cinamon	Ingredient	kg	0	0	0.00	0.00	0.00	0.00	0%	-
0305	Cardamon	Ingredient	kg	-20.3	0	0.00	0.00	0.00	0.00	0%	-
0304	Spagheti	Ingredient	pcs	0	0	0.00	0.00	0.00	0.00	0%	-
0290	Tea leaves	Ingredient	gram	0	0	0.00	0.00	0.00	0.00	0%	2000-01-01
0280	Fish	Ingredient	kg	1504.3	0	3.74	0.00	0.00	0.00	0%	-
0241	Sugar(sonkor)	Ingredient	gram	-117433	0	55.00	0.00	0.00	0.00	0%	-
0240	Caano Geel	Ingredient	L	608.55	100000000001	0.50	0.50	1.00	1.00	0%	-
0228	eggs	Ingredient	pcs	33	0	4.50	0.75	0.75	0.75	0%	-
0481	Cocktail	Juices	pcs	9996	1000	1.00	2.00	2.00	2.00	0%	-
0465	Sprite soda	Juices	unit	14995	300	0.50	1.25	1.25	1.25	0%	-
0448	Garaafe Liin Macaan	Juices	pcs	139	0	0.00	9.00	9.00	9.00	0%	-
0447	Garaafe Qare	Juices	pcs	143	0	0.00	6.00	6.00	6.00	0%	-
0404	watmelon juice	Juices	L	0	0	0.00	0.00	0.00	0.00	0%	-
0298	Fanta (Yar)	Juices	pcs	41	0	0.00	1.00	1.00	1.00	0%	-
0292	Tufaax (Juice)	Juices	pcs	3933	0	0.00	2.00	2.00	2.00	0%	2000-01-01
0284	Mushakal	Juices	pcs	14628	580807	1.00	1.50	1.50	1.50	0%	-
0283	Isbarmuuto	Juices	pcs	841	0	0.00	1.50	1.50	1.50	0%	2000-01-01
0282	Saytuun	Juices	pcs	140	0	0.00	1.50	1.50	1.50	0%	2000-01-01
0281	Beetroot	Juices	pcs	1994	0	0.00	2.00	2.00	2.00	0%	2000-01-01
0269	Fanta	Juices	pcs	84	0	0.00	1.50	1.50	1.50	0%	-
0268	Liin Dhanaan	Juices	ml	-	0	0.00	1.00	1.00	1.00	0%	2000-01-01
0219	coke	Juices	pcs	166	0	0.50	1.25	1.25	1.25	0%	-
0213	faniila	Juices	pcs	19	0	0.00	2.50	2.50	2.50	0%	-
0210	CAANO LOOS	Juices	cup	12216	500000	0.80	1.50	1.50	1.50	0%	-
0181	FIATA KHARO	Juices	plates	960	0	0.00	1.50	1.50	1.50	0%	-
0178	CANO MOSS	Juices	cup	626	0	0.00	1.50	1.50	1.50	0%	-
0174	STRAW BERRY	Juices	cup	-	0	0.00	1.50	1.50	1.50	0%	-
0172	ORANGE	Juices	cup	12176	90000707	0.00	1.50	1.50	1.50	0%	-
0169	MILK SHEK	Juices	pcs	-	0	0.00	1.50	1.50	1.50	0%	-
PROD_0115	Paw Paw	Juices	pcs	-	0	0.00	1.00	1.00	1.00	0%	-
PROD_0114	Mango	Juices	pcs	-	0	0.00	1.50	1.50	1.50	0%	-
PROD_0113	Avocado	Juices	pcs	-	0	0.00	1.50	1.50	1.50	0%	-
PROD_0112	Mint Pineade	Juices	pcs	-	0	0.00	1.50	1.50	1.50	0%	-
PROD_0111	Pineapple	Juices	pcs	-	0	0.50	1.50	1.50	1.50	0%	-
PROD_0110	Passion	Juices	pcs	-	0	0.00	1.00	1.00	1.00	0%	-
PROD_0109	Watermelon	Juices	pcs	-	555454542	0.00	1.00	1.00	1.00	0%	-
PROD_0103	Strawberry Lemonade	Lemonade	pcs	-	0	0.00	2.00	2.00	2.00	0%	-
PROD_0102	Classic Lemonade	Lemonade	pcs	-	0	0.00	1.00	1.00	1.00	0%	-
0393	Goat meat	Meat Based(salads)	kg	8	0	71.44	0.00	0.00	0.00	0%	-
PROD_0079	Cajun Fish Salad	Meat Based(salads)	pcs	-	0	0.00	3.00	3.00	3.00	0%	-
PROD_0078	Tuna Salad	Meat Based(salads)	pcs	-	0	0.00	3.00	3.00	3.00	0%	-
PROD_0077	Mexican Chicken Salad	Meat Based(salads)	pcs	-	0	0.00	3.00	3.00	3.00	0%	-
PROD_0076	Avo Chicken Salad	Meat Based(salads)	pcs	-	0	0.00	5.00	5.00	5.00	0%	-
0297	Mango sheek	Milk Shake Special	pcs	198891	0	0.00	2.50	2.50	2.50	0%	-
PROD_0130	Snickers	Milk Shake Special	pcs	-	0	0.00	3.00	3.00	3.00	0%	-
PROD_0129	Dates	Milk Shake Special	pcs	-	0	0.00	3.00	3.00	3.00	0%	-
PROD_0128	Banana Milkshake	Milk Shake Special	pcs	-	0	0.00	3.00	3.00	3.00	0%	-
PROD_0127	Oreo	Milk Shake Special	pcs	-	0	0.00	3.00	3.00	3.00	0%	-
PROD_0126	Mango	Milk Shake Special	pcs	-	0	0.00	3.00	3.00	3.00	0%	-
0477	Fiinto	Mocktails	cup	10000	1000	0.50	1.00	1.00	1.00	0%	-
PROD_0105	Sunset	Mocktails	pcs	-	0	0.00	2.50	2.50	2.50	0%	-
PROD_0104	Blue Lagoon	Mocktails	pcs	-	0	0.00	2.50	2.50	2.50	0%	-
0375	Bluecaracao	Mojitos	L	0	0	0.00	0.00	0.00	0.00	0%	-
0374	Blueberry mojito	Mojitos	L	0	0	0.00	0.00	0.00	0.00	0%	-
0373	Caramel mojito	Mojitos	L	0	0	0.00	0.00	0.00	0.00	0%	-
0372	Lime mojito	Mojitos	L	0	0	0.00	0.00	0.00	0.00	0%	-
0365	Vanilla syrup	Mojitos	L	0	0	0.00	0.00	0.00	0.00	0%	-
0364	Blueberry syrup	Mojitos	L	0	0	0.00	0.00	0.00	0.00	0%	-
0353	Strawberry mojito	Mojitos	L	-3	99999999	1.00	3.00	3.00	3.00	0%	-
0176	B LUE BERRY	Mojitos	cup	-	0	0.00	2.00	2.00	2.00	0%	-
PROD_0101	Passion Mojitos	Mojitos	pcs	-	0	0.00	3.00	3.00	3.00	0%	-
PROD_0100	Blueberry Mojitos	Mojitos	pcs	-	0	0.00	3.00	3.00	3.00	0%	-
PROD_0099	Kiwi Mojitos	Mojitos	pcs	-	0	0.00	3.00	3.00	3.00	0%	-
PROD_0098	Classic Mojitos	Mojitos	pcs	-	0	0.00	3.00	3.00	3.00	0%	-
0461	Chapati Saldato Isbishal hilib	NASHAAD LUNCH	plates	8	0	2.00	3.00	3.00	3.00	0%	-
0460	Hilib Geel	NASHAAD LUNCH	plates	174	0	0.00	7.00	7.00	7.00	0%	-
0444	Nashaad Buffet	NASHAAD LUNCH	plates	14978	500	0.00	10.00	10.00	10.00	0%	-
0443	Nashaad Iftar	NASHAAD LUNCH	plates	73	0	0.00	4.00	4.00	4.00	0%	-
0300	Jeex	NASHAAD LUNCH	kg	99	0	0.00	80.00	80.00	80.00	0%	-
0248	fish skolobo	NASHAAD LUNCH	plates	99878	0	6.00	6.00	6.00	6.00	0%	-
0247	Federeshin	NASHAAD LUNCH	plates	1982	0	2.00	2.00	2.00	2.00	0%	-
0246	fetereshan especialle	NASHAAD LUNCH	plates	1970	0	2.50	2.50	2.50	2.50	0%	-
0245	hilib itho	NASHAAD LUNCH	plates	1989	0	7.00	7.00	7.00	7.00	0%	-
0244	kalankal	NASHAAD LUNCH	plates	1534	0	4.50	4.50	4.50	4.50	0%	-
0237	Basto saldato	NASHAAD LUNCH	plates	1550	0	2.00	2.00	2.00	2.00	0%	-
0225	Galaas Caano	NASHAAD LUNCH	cup	584	0	1.00	1.50	1.50	1.50	0%	-
0224	ugali saldato	NASHAAD LUNCH	plates	980	0	2.00	2.00	2.00	2.00	0%	-
0211	Basto	NASHAAD LUNCH	plates	1952	0	1.00	1.00	1.00	1.00	0%	-
0492	Basto Special Kaluun	NASHAAD SOMALI LUNCH	plates	19999	1000	1.50	2.50	2.50	2.50	0%	-
0484	Chapati Saldato Isbishal Kaluun	NASHAAD SOMALI LUNCH	plates	9988	500	2.00	3.00	3.00	3.00	0%	-
0482	Chapati Isbishal Hilib	NASHAAD SOMALI LUNCH	plates	19995	2000	1.40	2.50	2.50	2.50	0%	-
0480	Baris Special Hilib	NASHAAD SOMALI LUNCH	plates	19891	5000	1.50	2.50	2.50	2.50	0%	-
0479	Basto Saldato Isbishal Hilib	NASHAAD SOMALI LUNCH	plates	9996	2000	0.50	3.00	3.00	3.00	0%	-
0476	Catering service	NASHAAD SOMALI LUNCH	pcs	99	0	5.00	10.00	10.00	10.00	0%	-
0457	Baris Saldato Isbishal Hilib	NASHAAD SOMALI LUNCH	plates	14817	99999999	0.00	3.00	3.00	3.00	0%	-
0258	SAREN	NASHAAD SOMALI LUNCH	plates	154	0	0.00	1.50	1.50	1.50	0%	-
0223	Baris Saldato	NASHAAD SOMALI LUNCH	plates	799	0	1.50	1.50	1.50	1.50	0%	-
0209	Waslad Hilib Ari	NASHAAD SOMALI LUNCH	plates	0	0	0.00	7.00	7.00	7.00	0%	-
0207	Baris Saldato Isbishal Kaluun	NASHAAD SOMALI LUNCH	plates	100	0	1.50	3.00	3.00	3.00	0%	-
0206	FISH GRILLED	NASHAAD SOMALI LUNCH	plates	79	0	0.00	0.00	0.00	0.00	0%	-
0183	Bris Special Hilib	NASHAAD SOMALI LUNCH	plates	-	0	0.00	2.50	2.50	2.50	0%	-
0182	Baris Plain	NASHAAD SOMALI LUNCH	pcs	-	0	1.00	1.00	1.00	1.00	0%	-
0180	Baris Special Kaluun	NASHAAD SOMALI LUNCH	plates	18194	0	0.00	2.50	2.50	2.50	0%	-
0458	Basto Saldato Isbishal Kaluun	Pasta	plates	14905	99999999	0.00	3.00	3.00	3.00	0%	-
0442	Alfredo Pasta	Pasta	plates	146	0	0.00	10.00	10.00	10.00	0%	-
PROD_0053	Rigatoni	Pasta	pcs	-	0	0.00	4.00	4.00	4.00	0%	-
PROD_0050	Creamy Chicken Pasta	Pasta	pcs	-	0	0.00	4.00	4.00	4.00	0%	-
0491	Small Pizza-Kaluun	Pizza	pcs	19996	1000	4.00	8.00	8.00	8.00	0%	-
0490	Medium Pizza-Kaluun	Pizza	pcs	19995	1000	8.00	12.00	12.00	12.00	0%	-
0489	Large Pizza-Kaluun	Pizza	pcs	19999	1000	8.00	8.00	8.00	8.00	0%	-
0488	Small Pizza-Hilib	Pizza	pcs	20000	0	4.00	8.00	8.00	8.00	0%	-
0487	Medium Pizza-Hilib	Pizza	pcs	20000	1000	7.00	12.00	12.00	12.00	0%	-
0486	Large Pizza-Hilib	Pizza	pcs	19998	1000	0.00	15.00	15.00	15.00	0%	-
0177	LARGE PIZZA-CHICKEN	Pizza	plates	-	0	0.00	15.00	15.00	15.00	0%	-
0175	MEDIUM PIZZA-CHICKEN	Pizza	plates	-	0	0.00	12.00	12.00	12.00	0%	-
0171	SMALL PIZZA-CHICKEN	Pizza	plates	1798	0	0.00	8.00	8.00	8.00	0%	-
PROD_0082	Ice Cream Fruit Bowl	Salads	pcs	-	0	0.00	4.00	4.00	4.00	0%	-
0452	Sandwitch Hilib	Sandwich	plates	0	0	0.00	4.00	4.00	4.00	0%	-
PROD_0027	Club Sandwich	Sandwich	pcs	-	1000000	0.00	4.00	4.00	4.00	0%	-
PROD_0026	Hulk Sandwich	Sandwich	pcs	-	100000	0.00	4.00	4.00	4.00	0%	-
PROD_0025	Bbq Chicken Sandwich	Sandwich	pcs	-	0	0.00	4.00	4.00	4.00	0%	-
PROD_0024	Tuna Sandwich	Sandwich	pcs	-	0	0.00	4.00	4.00	4.00	0%	-
PROD_0023	Grilled Cheese Sandwich	Sandwich	pcs	-	0	0.00	3.50	4.00	4.00	0%	-
0288	Kabaab	Seafood(grill)	pcs	123	0	0.00	3.00	3.00	3.00	0%	-
PROD_0008	Shrimps	Seafood(grill)	pcs	-	0	0.00	10.00	10.00	10.00	0%	-
PROD_0007	Lobster	Seafood(grill)	pcs	-	0	0.00	20.00	20.00	20.00	0%	-
PROD_0006	Spicy Crab Plate	Seafood(grill)	pcs	-	0	0.00	4.00	4.00	4.00	0%	-
PROD_0005	Seafood Chowder Soup	Seafood(grill)	pcs	-	0	0.00	3.00	3.00	3.00	0%	-
PROD_0004	Barracuda Spread	Seafood(grill)	pcs	-	0	0.00	5.50	5.50	5.50	0%	-
PROD_0003	Tuna Fest	Seafood(grill)	pcs	-	0	0.00	5.50	5.50	5.50	0%	-
PROD_0002	Red Snapper Spread	Seafood(grill)	pcs	-	0	0.00	5.50	5.50	5.50	0%	-
PROD_0001	Nashaad Grill Platter	Seafood(grill)	pcs	-	0	0.00	15.00	15.00	15.00	0%	-
0431	VIP room hire	Service		14992	5000	5.00	10.00	10.00	10.00	0%	-
0424	Hall Hire (Hourly)	Service		-	1000	50.00	150.00	150.00	150.00	0%	-
0382	Cling film	Service	package	0	0	0.00	0.00	0.00	0.00	0%	-
0380	Toothpicks	Service	pcs	1	0	1.50	0.00	0.00	0.00	0%	-
0377	Printing papers	Service	package	0	0	0.00	0.00	0.00	0.00	0%	-
0376	Ice cubes	Service	pcs	49975262.9	0	0.00	0.00	0.00	0.00	0%	-
0366	Pizza boxes	Service	package	0	0	0.00	0.00	0.00	0.00	0%	-
0352	Gloves	Service	pcs	0	0	0.00	0.00	0.00	0.00	0%	-
0296	Hall rent for lunch	Service	pcs	150	0	0.00	30.00	30.00	30.00	0%	-
0230	Boardroom Services	Service	package	-	500	0.00	0.00	20.00	20.00	0%	-
PROD_0039	Beef Sizzler	Sizzlings	pcs	-	0	0.00	6.00	6.00	6.00	0%	-
PROD_0038	Fish Sizzler	Sizzlings	pcs	-	0	0.00	6.00	6.00	6.00	0%	-
PROD_0037	Chicken Sizzler	Sizzlings	pcs	-	0	0.00	7.00	7.00	7.00	0%	-
PROD_0043	Chicken Skewers	Skewers	pcs	-	0	0.00	5.00	5.00	5.00	0%	-
PROD_0139	Tropical	Smoothies	pcs	-	0	0.00	2.50	2.50	2.50	0%	-
PROD_0138	Strawberry	Smoothies	pcs	-	0	0.00	2.50	2.50	2.50	0%	-
PROD_0137	Mango	Smoothies	pcs	-	0	0.00	2.50	2.50	2.50	0%	-
PROD_0136	Furulaato	Smoothies	pcs	-	0	0.00	2.00	2.00	2.00	0%	-
PROD_0135	Banana Smoothie	Smoothies	pcs	-	0	0.00	2.50	2.50	2.50	0%	-
PROD_0134	Avocado	Smoothies	pcs	-	0	0.00	2.50	2.50	2.50	0%	-
0469	Banana waffle	Snacks	pcs	1918	0	0.75	1.75	1.75	1.75	0%	-
0468	Dynamite Large	Snacks	plates	1996	500	10.00	18.00	18.00	18.00	0%	-
0451	Shawarma Hilib	Snacks	plates	74	0	0.00	3.00	3.00	3.00	0%	-
0299	Basbousa	Snacks	pcs	141	0	0.00	3.00	3.00	3.00	0%	-
0295	Dynamite (small)	Snacks	plates	49967	0	0.00	8.00	8.00	8.00	0%	-
0294	Crispy Fried Chicken	Snacks	plates	0	0	0.00	5.00	5.00	5.00	0%	2000-01-01
0293	Chicken Chips	Snacks	plates	15118	5008	0.00	6.00	6.00	6.00	0%	2000-01-01
0291	Cake (35)	Snacks	gram	149	0	0.00	35.00	35.00	35.00	0%	2000-01-01
0285	Honeycomb	Snacks	pcs	142	0	0.00	3.00	3.00	3.00	0%	2000-01-01
0279	Boiled egg	Snacks	pcs	2	0	0.00	0.50	0.50	0.50	0%	-
0270	Gotta cake	Snacks	pcs	29	0	0.00	5.00	5.00	5.00	0%	-
0267	Cake pcs	Snacks	pcs	1968	0	0.00	4.00	4.00	4.00	0%	-
0266	coke pcs	Snacks	pcs	0	0	0.00	4.00	4.00	4.00	0%	-
0265	Macha Boba	Snacks	pcs	1184	0	0.00	3.50	3.50	3.50	0%	-
0264	waffle	Snacks	pcs	1855	0	0.00	1.50	1.50	1.50	0%	-
0263	donats	Snacks	plates	-	0	0.00	0.50	0.50	0.50	0%	-
0262	cupcale	Snacks	pcs	-	0	0.00	0.50	0.50	0.50	0%	-
0255	UKUUN	Snacks	pcs	929	0	0.50	0.50	0.50	0.50	0%	-
0252	half ceek	Snacks	pcs	995	0	0.00	15.00	15.00	15.00	0%	-
0242	rooti	Snacks	plates	1981	0	0.50	0.50	0.50	0.50	0%	-
0239	ceke fuul	Snacks	pcs	-	0	0.00	10.00	10.00	10.00	0%	-
0238	timir shake	Snacks	cup	1668	0	2.00	2.00	2.00	2.00	0%	-
0232	capcake	Snacks	pcs	849	0	0.50	0.50	0.50	0.50	0%	-
0227	meatby	Snacks	plates	-	0	1.00	1.00	1.00	1.00	0%	-
0226	cruisone	Snacks	pcs	-	0	0.00	1.00	1.00	1.00	0%	-
PROD_0071	Chapati	Snacks	pcs	-	0	0.00	0.75	0.75	0.75	0%	-
PROD_0069	Bhajia	Snacks	pcs	-	0	0.00	2.00	2.00	2.00	0%	-
PROD_0068	Mahamri	Snacks	pcs	-	0	0.00	0.50	0.50	0.50	0%	-
PROD_0067	Viazi Karai	Snacks	pcs	-	0	0.00	2.00	2.00	2.00	0%	-
PROD_0065	Onion Garlic Fries	Snacks	pcs	-	0	0.00	2.00	2.00	2.00	0%	-
PROD_0063	Beef Sausage	Snacks	pcs	-	0	0.00	1.00	1.00	1.00	0%	-
PROD_0062	Chicken Nuggets	Snacks	pcs	-	0	0.00	4.00	4.00	4.00	0%	-
PROD_0060	Beef Samosa	Snacks	pcs	-	0	0.00	0.50	0.50	0.50	0%	-
0470	Nashaad Special Baris(Chinese)	Somali	plates	10000	5000	2.00	4.00	4.00	4.00	0%	-
0229	odkac	Somali	pcs	-	0	0.00	4.50	4.50	4.50	0%	-
0214	sanbuus	Somali	pcs	-	0	0.00	1.00	1.00	1.00	0%	-
0212	Feeto kharo	Somali	pcs	-	0	0.00	1.00	1.00	1.00	0%	-
0202	Feeto Qare	Somali	tea	-	0	0.00	1.00	1.00	1.00	0%	-
0200	ugali special	Somali	plates	19864	0	0.00	2.50	2.50	2.50	0%	-
0199	caad hilib	Somali	plates	118	0	0.00	6.00	6.00	6.00	0%	-
0198	ugali	Somali	plates	852	0	0.00	1.50	1.50	1.50	0%	-
0195	Suqaar	Somali	plates	638	0	0.00	4.00	4.00	4.00	0%	-
0187	SPECIAL RICE ARI	Somali	plates	9	0	0.00	2.50	2.50	2.50	0%	-
0186	MOOS	Somali	pcs	29	0	0.00	0.00	0.00	0.00	0%	-
0185	Basto Special Hilib	Somali	plates	-	0	2.50	2.50	2.50	2.50	0%	-
0184	LAXMANDI	Somali	pcs	-	70000	2.00	8.00	8.00	8.00	0%	-
PROD_0049	Spesso	Somali	pcs	-	0	0.00	4.00	4.00	4.00	0%	-
PROD_0048	Goat Mandi	Somali	pcs	-	0	0.00	6.00	6.00	6.00	0%	-
PROD_0047	Kostato	Somali	pcs	-	0	0.00	4.00	4.00	4.00	0%	-
PROD_0046	Deilo	Somali	pcs	-	0	0.00	6.00	6.00	6.00	0%	-
PROD_0045	Arosto	Somali	pcs	-	0	0.00	5.50	5.50	5.50	0%	-
PROD_0030	White Soup	Soups	pcs	-	0	0.00	2.00	2.00	2.00	0%	-
PROD_0029	Chicken Soup	Soups	pcs	-	0	0.00	2.00	2.00	2.00	0%	-
PROD_0028	Butternut Soup	Soups	pcs	-	0	0.00	2.00	2.00	2.00	0%	-
PROD_0036	Lamb Chops	Steaks	pcs	-	0	0.00	5.00	5.00	5.00	0%	-
PROD_0035	Pepper Steak	Steaks	pcs	-	0	0.00	5.00	5.00	5.00	0%	-
0287	Kafee Yare	Tea	cup	127	0	0.00	0.50	0.50	0.50	0%	2000-01-01
0234	qaxwo	Tea	cup	986	0	1.50	1.50	1.50	1.50	0%	-
0233	big cup tea	Tea	cup	1779	0	1.00	1.00	1.00	1.00	0%	-
0208	Dawa Tea	Tea	tea	199515	0	0.00	1.50	1.50	1.50	0%	-
0168	LIPTON TEA	Tea	cup	-	0	0.00	0.50	0.50	0.50	0%	-
0166	Black tea	Tea	cup	-	0	0.00	0.50	0.50	0.50	0%	-
PROD_0161	Special Tea	Tea	cup	-	0	0.00	1.00	1.00	1.00	0%	-
PROD_0160	Masala Tea	Tea	pcs	-	0	0.00	0.50	0.50	0.50	0%	-
PROD_0158	Somali Tea	Tea	pcs	-44112	0	0.00	1.00	1.00	1.00	0%	-
0438	Garden Salad	Vegetables	plates	2000	500	0.00	2.00	2.00	2.00	0%	-
PROD_0087	Mix Veges Steamed	Vegetables	pcs	-	0	0.00	2.00	2.00	2.00	0%	-
PROD_0086	Steamed Cabbage	Vegetables	pcs	-	0	0.00	1.00	1.00	1.00	0%	-
0379	Tank water	Water	L	0	0	0.00	0.00	0.00	0.00	0%	-
0378	Bottled water	Water	L	150	0	0.00	0.00	0.00	0.00	0%	-
PROD_0164	Water 1L	Water	pcs	121	20	0.00	0.75	0.75	0.75	0%	-
PROD_0163	Water 0.5L	Water	pcs	49998527	17	0.00	0.50	0.50	0.50	0%	-
